filename,relative_path,category,title,authors,year,source,difficulty,tags,processed
GAN.pdf,cv/GAN.pdf,cv,,,,,,,False
NIPS-2012-imagenet-classification-with-deep-convolutional-neural-networks-Paper.pdf,cv/NIPS-2012-imagenet-classification-with-deep-convolutional-neural-networks-Paper.pdf,cv,,,,,,,False
resnet.pdf,cv/resnet.pdf,cv,,,,,,,False
unet.pdf,cv/unet.pdf,cv,,,,,,,False
vgg.pdf,cv/vgg.pdf,cv,,,,,,,False
visiontransformer.pdf,cv/visiontransformer.pdf,cv,,,,,,,False
JMLRdropout.pdf,dl/JMLRdropout.pdf,dl,,,,,,,False
batch_normalization.pdf,dl/batch_normalization.pdf,dl,,,,,,,False
deep_learning_course.pdf,dl/deep_learning_course.pdf,dl,,,,,,,False
transformers_optimization.pdf,dl/transformers_optimization.pdf,dl,,,,,,,False
attention_is_all_you_need.pdf,llms/attention_is_all_you_need.pdf,llms,,,,,,,False
bert.pdf,llms/bert.pdf,llms,,,,,,,False
llama.pdf,llms/llama.pdf,llms,,,,,,,False
lm_are_few_shot_lerners.pdf,llms/lm_are_few_shot_lerners.pdf,llms,,,,,,,False
qlora.pdf,llms/qlora.pdf,llms,,,,,,,False
adam.pdf,ml/adam.pdf,ml,,,,,,,False
random_forests.pdf,ml/random_forests.pdf,ml,,,,,,,False
rectifiers.pdf,ml/rectifiers.pdf,ml,,,,,,,False
usefulml.pdf,ml/usefulml.pdf,ml,,,,,,,False
xgboost.pdf,ml/xgboost.pdf,ml,,,,,,,False
2302.07731v3.pdf,mlops/2302.07731v3.pdf,mlops,,,,,,,False
NIPS-2015-hidden-technical-debt-in-machine-learning-systems-Paper.pdf,mlops/NIPS-2015-hidden-technical-debt-in-machine-learning-systems-Paper.pdf,mlops,,,,,,,False
challenges_deploying.pdf,mlops/challenges_deploying.pdf,mlops,,,,,,,False
continuous_trainngin.pdf,mlops/continuous_trainngin.pdf,mlops,,,,,,,False
mlops.pdf,mlops/mlops.pdf,mlops,,,,,,,False
correctiverag.pdf,rag/correctiverag.pdf,rag,,,,,,,False
graphrag.pdf,rag/graphrag.pdf,rag,,,,,,,False
rag.pdf,rag/rag.pdf,rag,,,,,,,False
raptor.pdf,rag/raptor.pdf,rag,,,,,,,False
selfrag.pdf,rag/selfrag.pdf,rag,,,,,,,False
